"hours_studied_range","avg_exam_score"
"16+ hours",67.9233633869071
"11-15 hours",65.20438596491228
"6-10 hours",64.22549019607843
"1-5 hours",62.6271186440678
